<illness name="bad cold"><age>83</age><date>2009-11-22T00:10:40.693-05:00</date><symptom><type>sore throat</type><when start="4" duration="1"/><severity>2</severity></symptom><symptom><type>cough</type><qualifier>dry</qualifier><qualifier>hacking</qualifier><when start="1" duration="2"/><severity>2</severity></symptom><symptom><type>runny nose</type><when start="2" duration="1"/><severity>2</severity></symptom><symptom><type>tired</type><when start="1" duration="5"/><severity/></symptom><overall-duration>8</overall-duration></illness>
