<illness name="h1n1"><age>66</age><date>2009-12-11T00:10:40.693-05:00</date><symptom><type>sore throat</type><when start="1" duration="3"/><severity>3</severity></symptom><symptom><type>aches</type><qualifier>body</qualifier><when start="3" duration="5"/><severity>2</severity></symptom><symptom><type>vomiting</type><when start="2" duration="1"/><severity>2</severity></symptom><symptom><type>tired</type><when start="2" duration="6"/><severity/></symptom><overall-duration>8.33333333333333</overall-duration></illness>
