<illness name="flu"><age>77</age><date>2010-01-03T00:10:40.693-05:00</date><symptom><type>sore throat</type><when start="1" duration="1"/><severity>2</severity></symptom><symptom><type>aches</type><qualifier>body</qualifier><when start="3" duration="2"/><severity>2</severity></symptom><symptom><type>vomiting</type><when start="2" duration="2"/><severity>5</severity></symptom><symptom><type>tired</type><when start="2" duration="7"/><severity/></symptom><overall-duration>8.33333333333333</overall-duration></illness>
