<illness name="H1N1"><age>63</age><date>2009-12-06T00:10:40.693-05:00</date><symptom><type>sore throat</type><when start="1" duration="1"/><severity>3</severity></symptom><symptom><type>aches</type><qualifier>body</qualifier><when start="2" duration="6"/><severity>2</severity></symptom><symptom><type>vomiting</type><when start="2" duration="2"/><severity>3</severity></symptom><symptom><type>tired</type><when start="1" duration="10"/><severity/></symptom><overall-duration>9.33333333333333</overall-duration></illness>
