<illness name="bad cold"><age>90</age><date>2009-11-30T00:10:40.693-05:00</date><symptom><type>sore throat</type><when start="2" duration="1"/><severity>2</severity></symptom><symptom><type>cough</type><qualifier>dry</qualifier><when start="1" duration="1"/><severity>2</severity></symptom><symptom><type>runny nose</type><when start="3" duration="4"/><severity>2</severity></symptom><symptom><type>tired</type><when start="1" duration="1"/><severity/></symptom><overall-duration>4</overall-duration></illness>
