<illness name="bad cold"><age>77</age><date>2009-12-01T00:10:40.693-05:00</date><symptom><type>sore throat</type><when start="2" duration="2"/><severity>3</severity></symptom><symptom><type>cough</type><qualifier>hacking</qualifier><when start="1" duration="1"/><severity>2</severity></symptom><symptom><type>runny nose</type><when start="3" duration="4"/><severity>3</severity></symptom><symptom><type>tired</type><when start="2" duration="1"/><severity/></symptom><overall-duration>9</overall-duration></illness>
