<illness name="cough"><age>59</age><date>2009-11-22T00:10:40.693-05:00</date><symptom><type>sore throat</type><when start="2" duration="2"/><severity>5</severity></symptom><symptom><type>cough</type><qualifier>dry</qualifier><when start="1" duration="2"/><severity>2</severity></symptom><symptom><type>runny nose</type><when start="3" duration="3"/><severity>2</severity></symptom><symptom><type>tired</type><when start="2" duration="4"/><severity/></symptom><overall-duration>8</overall-duration></illness>
