<illness name="flu"><age>18</age><date>2010-01-01T00:10:40.693-05:00</date><symptom><type>sore throat</type><when start="1" duration="3"/><severity>2</severity></symptom><symptom><type>aches</type><qualifier>body</qualifier><when start="2" duration="4"/><severity>2</severity></symptom><symptom><type>vomiting</type><when start="2" duration="1"/><severity>4</severity></symptom><symptom><type>tired</type><when start="1" duration="9"/><severity/></symptom><overall-duration>9.33333333333333</overall-duration></illness>
