<illness name="cough"><age>8</age><date>2009-11-21T00:10:40.693-05:00</date><symptom><type>sore throat</type><when start="4" duration="1"/><severity>5</severity></symptom><symptom><type>cough</type><qualifier>hacking</qualifier><when start="1" duration="1"/><severity>2</severity></symptom><symptom><type>runny nose</type><when start="3" duration="1"/><severity>4</severity></symptom><symptom><type>tired</type><when start="2" duration="3"/><severity/></symptom><overall-duration>8</overall-duration></illness>
